position_bin_gyro,mean_gyro,upper_bound_gyro
0.0,0.07658788099357407,0.2217311103441203
50.0,0.09282274135286822,0.29511068446595945
100.0,0.10060380977211875,0.3322086748008366
150.0,0.09469975865681368,0.2826168001375249
200.0,0.10956348588389093,0.34408546079274316
