position_bin_gyro,mean_gyro,upper_bound_gyro
0.0,0.07433805568394596,0.22850364442924143
50.0,0.09231189410494692,0.3009943690864046
100.0,0.10920038612556605,0.3673690647826439
150.0,0.09617036045221954,0.3171752487016888
200.0,0.10837229754602612,0.35101002208172993
