position_bin_gyro,mean_gyro,upper_bound_gyro
0.0,0.07110019136538145,0.21104856815600948
50.0,0.08798716848795067,0.28146146520684345
100.0,0.09257023645307556,0.3102158691048159
150.0,0.08717739198421975,0.26185414457038525
200.0,0.1070584776131671,0.3604770524837292
