position_bin_gyro,mean_gyro,upper_bound_gyro
0.0,0.07898485930414005,0.2492793961619892
50.0,0.10062363414143012,0.3306002338583406
100.0,0.10461498193433623,0.35323149861064007
150.0,0.11106167467038834,0.3701599750282996
200.0,0.10415378393900893,0.3352398843830644
