position_bin_gyro,mean_gyro,upper_bound_gyro
0.0,0.08365898535721103,0.2678273439881387
50.0,0.09904903312654537,0.3153104390994619
100.0,0.10239488270661314,0.33436063561822993
150.0,0.09111407323573482,0.2755264141193535
200.0,0.09824328580498738,0.29712477769024825
