position_bin_gyro,mean_gyro,upper_bound_gyro
0.0,0.08216612389249721,0.24182137886173155
50.0,0.10613932374517294,0.32656249150638905
100.0,0.10967276350467678,0.37066626108088163
150.0,0.09551467997897363,0.29147551043443104
200.0,0.11134811864863695,0.3580443183110671
