position_bin_gyro,mean_gyro,upper_bound_gyro
0.0,0.07240909014618349,0.22736416624174832
50.0,0.08901904806522079,0.29258399445114586
100.0,0.09331685062065573,0.33045597125405474
150.0,0.09241112779225949,0.29443453496384947
200.0,0.10435732088579155,0.3469644630021269
